{
  "project_info": {
    "project_number": "391210961290",
    "firebase_url": "https://carpoolingv01.firebaseio.com",
    "project_id": "carpoolingv01",
    "storage_bucket": "carpoolingv01.appspot.com"
  },
  "client": [
    {
      "client_info": {
        "mobilesdk_app_id": "1:391210961290:android:6a4bf192c850f5b031e073",
        "android_client_info": {
          "package_name": "iau.ccsit.carpooling"
        }
      },
      "oauth_client": [
        {
          "client_id": "391210961290-r6ufe8e3rjdbc4j8ceio60sgggfshnpq.apps.googleusercontent.com",
          "client_type": 3
        }
      ],
      "api_key": [
        {
          "current_key": "AIzaSyBvOjjqkLaQaYMEI6Gl_qrt_iy9tvyh-SM"
        }
      ],
      "services": {
        "appinvite_service": {
          "other_platform_oauth_client": [
            {
              "client_id": "391210961290-r6ufe8e3rjdbc4j8ceio60sgggfshnpq.apps.googleusercontent.com",
              "client_type": 3
            }
          ]
        }
      }
    }
  ],
  "configuration_version": "1"
}